[
{
  "pk": 1, 
  "model": "services.category", 
  "fields": {
    "description": "Breakfast cleanups", 
    "permissions": []
  }
},
{
  "pk": 2, 
  "model": "services.category", 
  "fields": {
    "description": "Prepare breakfast for all the trainees", 
    "permissions": []
  }
},
{
  "pk": 3, 
  "model": "services.category", 
  "fields": {
    "description": "Make the chairs straight", 
    "permissions": []
  }
},
{
  "pk": 4, 
  "model": "services.category", 
  "fields": {
    "description": "Designated services", 
    "permissions": []
  }
},
{
  "pk": 5, 
  "model": "services.category", 
  "fields": {
    "description": "Guard the training center facilities", 
    "permissions": []
  }
},
{
  "pk": 6, 
  "model": "services.category", 
  "fields": {
    "description": "Vacuuming the training center", 
    "permissions": []
  }
},
{
  "pk": 7, 
  "model": "services.category", 
  "fields": {
    "description": "Lunch cleanups", 
    "permissions": []
  }
},
{
  "pk": 8, 
  "model": "services.category", 
  "fields": {
    "description": "Prepare lunch for all the trainees", 
    "permissions": []
  }
},
{
  "pk": 9, 
  "model": "services.category", 
  "fields": {
    "description": "Mopping service", 
    "permissions": []
  }
},
{
  "pk": 10, 
  "model": "services.category", 
  "fields": {
    "description": "Restroom cleaning", 
    "permissions": []
  }
},
{
  "pk": 11, 
  "model": "services.category", 
  "fields": {
    "description": "Prepare lunches for campus trainees", 
    "permissions": []
  }
},
{
  "pk": 12, 
  "model": "services.category", 
  "fields": {
    "description": "Sack supper", 
    "permissions": []
  }
},
{
  "pk": 13, 
  "model": "services.category", 
  "fields": {
    "description": "Supper cleanups", 
    "permissions": []
  }
},
{
  "pk": 14, 
  "model": "services.category", 
  "fields": {
    "description": "Prepare supper for all the trainees", 
    "permissions": []
  }
},
{
  "pk": 15, 
  "model": "services.category", 
  "fields": {
    "description": "Sweeping and trash", 
    "permissions": []
  }
},
{
  "pk": 16, 
  "model": "services.service", 
  "fields": {
    "category": 4, 
    "workload": 3, 
    "need_qualification": false, 
    "qualifiedTrainees": [], 
    "active": true, 
    "permissions": []
  }
},
{
  "pk": 17, 
  "model": "services.service", 
  "fields": {
    "category": 4, 
    "workload": 3, 
    "need_qualification": false, 
    "qualifiedTrainees": [], 
    "active": true, 
    "permissions": []
  }
},
{
  "pk": 18, 
  "model": "services.service", 
  "fields": {
    "category": 4, 
    "workload": 3, 
    "need_qualification": false, 
    "qualifiedTrainees": [], 
    "active": true, 
    "permissions": []
  }
},
{
  "pk": 19, 
  "model": "services.service", 
  "fields": {
    "category": 4, 
    "workload": 1, 
    "need_qualification": false, 
    "qualifiedTrainees": [], 
    "active": true, 
    "permissions": []
  }
},
{
  "pk": 20, 
  "model": "services.service", 
  "fields": {
    "category": 4, 
    "workload": 0, 
    "need_qualification": false, 
    "qualifiedTrainees": [], 
    "active": true, 
    "permissions": []
  }
},
{
  "pk": 21, 
  "model": "services.service", 
  "fields": {
    "category": 4, 
    "workload": 3, 
    "need_qualification": false, 
    "qualifiedTrainees": [], 
    "active": true, 
    "permissions": []
  }
},
{
  "pk": 22, 
  "model": "services.service", 
  "fields": {
    "category": 4, 
    "workload": 2, 
    "need_qualification": false, 
    "qualifiedTrainees": [], 
    "active": true, 
    "permissions": []
  }
},
{
  "pk": 23, 
  "model": "services.service", 
  "fields": {
    "category": 4, 
    "workload": 1, 
    "need_qualification": false, 
    "qualifiedTrainees": [], 
    "active": true, 
    "permissions": []
  }
},
{
  "pk": 24, 
  "model": "services.service", 
  "fields": {
    "category": 4, 
    "workload": 2, 
    "need_qualification": false, 
    "qualifiedTrainees": [], 
    "active": true, 
    "permissions": []
  }
},
{
  "pk": 25, 
  "model": "services.service", 
  "fields": {
    "category": 4, 
    "workload": 1, 
    "need_qualification": false, 
    "qualifiedTrainees": [], 
    "active": true, 
    "permissions": []
  }
},
{
  "pk": 26, 
  "model": "services.service", 
  "fields": {
    "category": 4, 
    "workload": 2, 
    "need_qualification": false, 
    "qualifiedTrainees": [], 
    "active": true, 
    "permissions": []
  }
},
{
  "pk": 27, 
  "model": "services.service", 
  "fields": {
    "category": 4, 
    "workload": 2, 
    "need_qualification": false, 
    "qualifiedTrainees": [], 
    "active": true, 
    "permissions": []
  }
},
{
  "pk": 28, 
  "model": "services.service", 
  "fields": {
    "category": 4, 
    "workload": 0, 
    "need_qualification": false, 
    "qualifiedTrainees": [], 
    "active": true, 
    "permissions": []
  }
},
{
  "pk": 29, 
  "model": "services.service", 
  "fields": {
    "category": 4, 
    "workload": 3, 
    "need_qualification": false, 
    "qualifiedTrainees": [], 
    "active": true, 
    "permissions": []
  }
},
{
  "pk": 30, 
  "model": "services.service", 
  "fields": {
    "category": 4, 
    "workload": 2, 
    "need_qualification": false, 
    "qualifiedTrainees": [], 
    "active": true, 
    "permissions": []
  }
},
{
  "pk": 31, 
  "model": "services.service", 
  "fields": {
    "category": 4, 
    "workload": 2, 
    "need_qualification": false, 
    "qualifiedTrainees": [], 
    "active": true, 
    "permissions": []
  }
},
{
  "pk": 32, 
  "model": "services.service", 
  "fields": {
    "category": 6, 
    "workload": 1, 
    "need_qualification": false, 
    "qualifiedTrainees": [], 
    "active": true, 
    "permissions": []
  }
},
{
  "pk": 33, 
  "model": "services.service", 
  "fields": {
    "category": 1, 
    "workload": 1, 
    "need_qualification": false, 
    "qualifiedTrainees": [], 
    "active": true, 
    "permissions": []
  }
},
{
  "pk": 34, 
  "model": "services.service", 
  "fields": {
    "category": 2, 
    "workload": 0, 
    "need_qualification": false, 
    "qualifiedTrainees": [], 
    "active": true, 
    "permissions": []
  }
},
{
  "pk": 35, 
  "model": "services.service", 
  "fields": {
    "category": 10, 
    "workload": 1, 
    "need_qualification": false, 
    "qualifiedTrainees": [], 
    "active": true, 
    "permissions": []
  }
},
{
  "pk": 36, 
  "model": "services.service", 
  "fields": {
    "category": 5, 
    "workload": 1, 
    "need_qualification": false, 
    "qualifiedTrainees": [], 
    "active": true, 
    "permissions": []
  }
},
{
  "pk": 37, 
  "model": "services.service", 
  "fields": {
    "category": 5, 
    "workload": 1, 
    "need_qualification": false, 
    "qualifiedTrainees": [], 
    "active": true, 
    "permissions": []
  }
},
{
  "pk": 38, 
  "model": "services.service", 
  "fields": {
    "category": 5, 
    "workload": 1, 
    "need_qualification": false, 
    "qualifiedTrainees": [], 
    "active": true, 
    "permissions": []
  }
},
{
  "pk": 39, 
  "model": "services.service", 
  "fields": {
    "category": 7, 
    "workload": 1, 
    "need_qualification": false, 
    "qualifiedTrainees": [], 
    "active": true, 
    "permissions": []
  }
},
{
  "pk": 40, 
  "model": "services.service", 
  "fields": {
    "category": 7, 
    "workload": 1, 
    "need_qualification": false, 
    "qualifiedTrainees": [], 
    "active": true, 
    "permissions": []
  }
},
{
  "pk": 41, 
  "model": "services.service", 
  "fields": {
    "category": 11, 
    "workload": 1, 
    "need_qualification": false, 
    "qualifiedTrainees": [], 
    "active": true, 
    "permissions": []
  }
},
{
  "pk": 42, 
  "model": "services.service", 
  "fields": {
    "category": 13, 
    "workload": 1, 
    "need_qualification": false, 
    "qualifiedTrainees": [], 
    "active": true, 
    "permissions": []
  }
},
{
  "pk": 43, 
  "model": "services.service", 
  "fields": {
    "category": 14, 
    "workload": 1, 
    "need_qualification": false, 
    "qualifiedTrainees": [], 
    "active": true, 
    "permissions": []
  }
},
{
  "pk": 44, 
  "model": "services.service", 
  "fields": {
    "category": 10, 
    "workload": 1, 
    "need_qualification": false, 
    "qualifiedTrainees": [], 
    "active": true, 
    "permissions": []
  }
},
{
  "pk": 45, 
  "model": "services.service", 
  "fields": {
    "category": 4, 
    "workload": 3, 
    "need_qualification": false, 
    "qualifiedTrainees": [], 
    "active": true, 
    "permissions": []
  }
},
{
  "pk": 46, 
  "model": "services.service", 
  "fields": {
    "category": 4, 
    "workload": 3, 
    "need_qualification": false, 
    "qualifiedTrainees": [], 
    "active": true, 
    "permissions": []
  }
},
{
  "pk": 47, 
  "model": "services.service", 
  "fields": {
    "category": 14, 
    "workload": 1, 
    "need_qualification": false, 
    "qualifiedTrainees": [], 
    "active": true, 
    "permissions": []
  }
},
{
  "pk": 48, 
  "model": "services.service", 
  "fields": {
    "category": 4, 
    "workload": 1, 
    "need_qualification": false, 
    "qualifiedTrainees": [], 
    "active": true, 
    "permissions": []
  }
},
{
  "pk": 49, 
  "model": "services.service", 
  "fields": {
    "category": 4, 
    "workload": 1, 
    "need_qualification": false, 
    "qualifiedTrainees": [], 
    "active": true, 
    "permissions": []
  }
},
{
  "pk": 50, 
  "model": "services.service", 
  "fields": {
    "category": 4, 
    "workload": 2, 
    "need_qualification": false, 
    "qualifiedTrainees": [], 
    "active": true, 
    "permissions": []
  }
},
{
  "pk": 51, 
  "model": "services.service", 
  "fields": {
    "category": 4, 
    "workload": 3, 
    "need_qualification": false, 
    "qualifiedTrainees": [], 
    "active": true, 
    "permissions": []
  }
},
{
  "pk": 52, 
  "model": "services.service", 
  "fields": {
    "category": 4, 
    "workload": 2, 
    "need_qualification": false, 
    "qualifiedTrainees": [], 
    "active": true, 
    "permissions": []
  }
},
{
  "pk": 53, 
  "model": "services.service", 
  "fields": {
    "category": 4, 
    "workload": 3, 
    "need_qualification": false, 
    "qualifiedTrainees": [], 
    "active": true, 
    "permissions": []
  }
},
{
  "pk": 54, 
  "model": "services.service", 
  "fields": {
    "category": 4, 
    "workload": 3, 
    "need_qualification": false, 
    "qualifiedTrainees": [], 
    "active": true, 
    "permissions": []
  }
},
{
  "pk": 55, 
  "model": "services.service", 
  "fields": {
    "category": 6, 
    "workload": 1, 
    "need_qualification": false, 
    "qualifiedTrainees": [], 
    "active": true, 
    "permissions": []
  }
},
{
  "pk": 56, 
  "model": "services.service", 
  "fields": {
    "category": 1, 
    "workload": 1, 
    "need_qualification": false, 
    "qualifiedTrainees": [], 
    "active": true, 
    "permissions": []
  }
},
{
  "pk": 57, 
  "model": "services.service", 
  "fields": {
    "category": 2, 
    "workload": 0, 
    "need_qualification": false, 
    "qualifiedTrainees": [], 
    "active": true, 
    "permissions": []
  }
},
{
  "pk": 58, 
  "model": "services.service", 
  "fields": {
    "category": 10, 
    "workload": 1, 
    "need_qualification": false, 
    "qualifiedTrainees": [], 
    "active": true, 
    "permissions": []
  }
},
{
  "pk": 59, 
  "model": "services.service", 
  "fields": {
    "category": 5, 
    "workload": 1, 
    "need_qualification": false, 
    "qualifiedTrainees": [], 
    "active": true, 
    "permissions": []
  }
},
{
  "pk": 60, 
  "model": "services.service", 
  "fields": {
    "category": 5, 
    "workload": 1, 
    "need_qualification": false, 
    "qualifiedTrainees": [], 
    "active": true, 
    "permissions": []
  }
},
{
  "pk": 61, 
  "model": "services.service", 
  "fields": {
    "category": 5, 
    "workload": 1, 
    "need_qualification": false, 
    "qualifiedTrainees": [], 
    "active": true, 
    "permissions": []
  }
},
{
  "pk": 62, 
  "model": "services.service", 
  "fields": {
    "category": 7, 
    "workload": 1, 
    "need_qualification": false, 
    "qualifiedTrainees": [], 
    "active": true, 
    "permissions": []
  }
},
{
  "pk": 63, 
  "model": "services.service", 
  "fields": {
    "category": 8, 
    "workload": 1, 
    "need_qualification": false, 
    "qualifiedTrainees": [], 
    "active": true, 
    "permissions": []
  }
},
{
  "pk": 64, 
  "model": "services.service", 
  "fields": {
    "category": 9, 
    "workload": 1, 
    "need_qualification": false, 
    "qualifiedTrainees": [], 
    "active": true, 
    "permissions": []
  }
},
{
  "pk": 65, 
  "model": "services.service", 
  "fields": {
    "category": 11, 
    "workload": 1, 
    "need_qualification": false, 
    "qualifiedTrainees": [], 
    "active": true, 
    "permissions": []
  }
},
{
  "pk": 66, 
  "model": "services.service", 
  "fields": {
    "category": 13, 
    "workload": 1, 
    "need_qualification": false, 
    "qualifiedTrainees": [], 
    "active": true, 
    "permissions": []
  }
},
{
  "pk": 67, 
  "model": "services.service", 
  "fields": {
    "category": 14, 
    "workload": 1, 
    "need_qualification": false, 
    "qualifiedTrainees": [], 
    "active": true, 
    "permissions": []
  }
},
{
  "pk": 68, 
  "model": "services.service", 
  "fields": {
    "category": 4, 
    "workload": 3, 
    "need_qualification": false, 
    "qualifiedTrainees": [], 
    "active": true, 
    "permissions": []
  }
},
{
  "pk": 69, 
  "model": "services.service", 
  "fields": {
    "category": 4, 
    "workload": 2, 
    "need_qualification": false, 
    "qualifiedTrainees": [], 
    "active": true, 
    "permissions": []
  }
},
{
  "pk": 70, 
  "model": "services.service", 
  "fields": {
    "category": 4, 
    "workload": 3, 
    "need_qualification": false, 
    "qualifiedTrainees": [], 
    "active": true, 
    "permissions": []
  }
},
{
  "pk": 71, 
  "model": "services.service", 
  "fields": {
    "category": 4, 
    "workload": 1, 
    "need_qualification": false, 
    "qualifiedTrainees": [], 
    "active": true, 
    "permissions": []
  }
},
{
  "pk": 72, 
  "model": "services.service", 
  "fields": {
    "category": 4, 
    "workload": 1, 
    "need_qualification": false, 
    "qualifiedTrainees": [], 
    "active": true, 
    "permissions": []
  }
},
{
  "pk": 73, 
  "model": "services.service", 
  "fields": {
    "category": 4, 
    "workload": 1, 
    "need_qualification": false, 
    "qualifiedTrainees": [], 
    "active": true, 
    "permissions": []
  }
},
{
  "pk": 74, 
  "model": "services.service", 
  "fields": {
    "category": 4, 
    "workload": 1, 
    "need_qualification": false, 
    "qualifiedTrainees": [], 
    "active": true, 
    "permissions": []
  }
},
{
  "pk": 75, 
  "model": "services.service", 
  "fields": {
    "category": 4, 
    "workload": 1, 
    "need_qualification": false, 
    "qualifiedTrainees": [], 
    "active": true, 
    "permissions": []
  }
},
{
  "pk": 76, 
  "model": "services.service", 
  "fields": {
    "category": 4, 
    "workload": 1, 
    "need_qualification": false, 
    "qualifiedTrainees": [], 
    "active": true, 
    "permissions": []
  }
},
{
  "pk": 77, 
  "model": "services.service", 
  "fields": {
    "category": 4, 
    "workload": 1, 
    "need_qualification": false, 
    "qualifiedTrainees": [], 
    "active": true, 
    "permissions": []
  }
},
{
  "pk": 78, 
  "model": "services.service", 
  "fields": {
    "category": 4, 
    "workload": 3, 
    "need_qualification": false, 
    "qualifiedTrainees": [], 
    "active": true, 
    "permissions": []
  }
},
{
  "pk": 79, 
  "model": "services.service", 
  "fields": {
    "category": 4, 
    "workload": 3, 
    "need_qualification": false, 
    "qualifiedTrainees": [], 
    "active": true, 
    "permissions": []
  }
},
{
  "pk": 80, 
  "model": "services.service", 
  "fields": {
    "category": 3, 
    "workload": 1, 
    "need_qualification": false, 
    "qualifiedTrainees": [], 
    "active": true, 
    "permissions": []
  }
},
{
  "pk": 81, 
  "model": "services.service", 
  "fields": {
    "category": 10, 
    "workload": 1, 
    "need_qualification": false, 
    "qualifiedTrainees": [], 
    "active": true, 
    "permissions": []
  }
},
{
  "pk": 82, 
  "model": "services.service", 
  "fields": {
    "category": 5, 
    "workload": 1, 
    "need_qualification": false, 
    "qualifiedTrainees": [], 
    "active": true, 
    "permissions": []
  }
},
{
  "pk": 83, 
  "model": "services.service", 
  "fields": {
    "category": 5, 
    "workload": 1, 
    "need_qualification": false, 
    "qualifiedTrainees": [], 
    "active": true, 
    "permissions": []
  }
},
{
  "pk": 84, 
  "model": "services.service", 
  "fields": {
    "category": 5, 
    "workload": 1, 
    "need_qualification": false, 
    "qualifiedTrainees": [], 
    "active": true, 
    "permissions": []
  }
},
{
  "pk": 85, 
  "model": "services.service", 
  "fields": {
    "category": 7, 
    "workload": 1, 
    "need_qualification": false, 
    "qualifiedTrainees": [], 
    "active": true, 
    "permissions": []
  }
},
{
  "pk": 86, 
  "model": "services.service", 
  "fields": {
    "category": 8, 
    "workload": 1, 
    "need_qualification": false, 
    "qualifiedTrainees": [], 
    "active": true, 
    "permissions": []
  }
},
{
  "pk": 87, 
  "model": "services.service", 
  "fields": {
    "category": 11, 
    "workload": 1, 
    "need_qualification": false, 
    "qualifiedTrainees": [], 
    "active": true, 
    "permissions": []
  }
},
{
  "pk": 88, 
  "model": "services.service", 
  "fields": {
    "category": 13, 
    "workload": 1, 
    "need_qualification": false, 
    "qualifiedTrainees": [], 
    "active": true, 
    "permissions": []
  }
},
{
  "pk": 89, 
  "model": "services.service", 
  "fields": {
    "category": 14, 
    "workload": 1, 
    "need_qualification": false, 
    "qualifiedTrainees": [], 
    "active": true, 
    "permissions": []
  }
},
{
  "pk": 90, 
  "model": "services.service", 
  "fields": {
    "category": 4, 
    "workload": 3, 
    "need_qualification": false, 
    "qualifiedTrainees": [], 
    "active": true, 
    "permissions": []
  }
},
{
  "pk": 91, 
  "model": "services.service", 
  "fields": {
    "category": 4, 
    "workload": 1, 
    "need_qualification": false, 
    "qualifiedTrainees": [], 
    "active": true, 
    "permissions": []
  }
},
{
  "pk": 92, 
  "model": "services.service", 
  "fields": {
    "category": 4, 
    "workload": 3, 
    "need_qualification": false, 
    "qualifiedTrainees": [], 
    "active": true, 
    "permissions": []
  }
},
{
  "pk": 93, 
  "model": "services.service", 
  "fields": {
    "category": 4, 
    "workload": 1, 
    "need_qualification": false, 
    "qualifiedTrainees": [], 
    "active": true, 
    "permissions": []
  }
},
{
  "pk": 94, 
  "model": "services.service", 
  "fields": {
    "category": 4, 
    "workload": 3, 
    "need_qualification": false, 
    "qualifiedTrainees": [], 
    "active": true, 
    "permissions": []
  }
},
{
  "pk": 95, 
  "model": "services.service", 
  "fields": {
    "category": 4, 
    "workload": 3, 
    "need_qualification": false, 
    "qualifiedTrainees": [], 
    "active": true, 
    "permissions": []
  }
},
{
  "pk": 96, 
  "model": "services.service", 
  "fields": {
    "category": 4, 
    "workload": 1, 
    "need_qualification": false, 
    "qualifiedTrainees": [], 
    "active": true, 
    "permissions": []
  }
},
{
  "pk": 97, 
  "model": "services.service", 
  "fields": {
    "category": 4, 
    "workload": 1, 
    "need_qualification": false, 
    "qualifiedTrainees": [], 
    "active": true, 
    "permissions": []
  }
},
{
  "pk": 98, 
  "model": "services.service", 
  "fields": {
    "category": 4, 
    "workload": 2, 
    "need_qualification": false, 
    "qualifiedTrainees": [], 
    "active": true, 
    "permissions": []
  }
},
{
  "pk": 99, 
  "model": "services.service", 
  "fields": {
    "category": 11, 
    "workload": 1, 
    "need_qualification": false, 
    "qualifiedTrainees": [], 
    "active": true, 
    "permissions": []
  }
},
{
  "pk": 100, 
  "model": "services.service", 
  "fields": {
    "category": 4, 
    "workload": 3, 
    "need_qualification": false, 
    "qualifiedTrainees": [], 
    "active": true, 
    "permissions": []
  }
},
{
  "pk": 101, 
  "model": "services.service", 
  "fields": {
    "category": 6, 
    "workload": 1, 
    "need_qualification": false, 
    "qualifiedTrainees": [], 
    "active": true, 
    "permissions": []
  }
},
{
  "pk": 102, 
  "model": "services.service", 
  "fields": {
    "category": 1, 
    "workload": 1, 
    "need_qualification": false, 
    "qualifiedTrainees": [], 
    "active": true, 
    "permissions": []
  }
},
{
  "pk": 103, 
  "model": "services.service", 
  "fields": {
    "category": 2, 
    "workload": 0, 
    "need_qualification": false, 
    "qualifiedTrainees": [], 
    "active": true, 
    "permissions": []
  }
},
{
  "pk": 104, 
  "model": "services.service", 
  "fields": {
    "category": 10, 
    "workload": 1, 
    "need_qualification": false, 
    "qualifiedTrainees": [], 
    "active": true, 
    "permissions": []
  }
},
{
  "pk": 105, 
  "model": "services.service", 
  "fields": {
    "category": 5, 
    "workload": 1, 
    "need_qualification": false, 
    "qualifiedTrainees": [], 
    "active": true, 
    "permissions": []
  }
},
{
  "pk": 106, 
  "model": "services.service", 
  "fields": {
    "category": 5, 
    "workload": 1, 
    "need_qualification": false, 
    "qualifiedTrainees": [], 
    "active": true, 
    "permissions": []
  }
},
{
  "pk": 107, 
  "model": "services.service", 
  "fields": {
    "category": 5, 
    "workload": 1, 
    "need_qualification": false, 
    "qualifiedTrainees": [], 
    "active": true, 
    "permissions": []
  }
},
{
  "pk": 108, 
  "model": "services.service", 
  "fields": {
    "category": 7, 
    "workload": 1, 
    "need_qualification": false, 
    "qualifiedTrainees": [], 
    "active": true, 
    "permissions": []
  }
},
{
  "pk": 109, 
  "model": "services.service", 
  "fields": {
    "category": 8, 
    "workload": 1, 
    "need_qualification": false, 
    "qualifiedTrainees": [], 
    "active": true, 
    "permissions": []
  }
},
{
  "pk": 110, 
  "model": "services.service", 
  "fields": {
    "category": 9, 
    "workload": 1, 
    "need_qualification": false, 
    "qualifiedTrainees": [], 
    "active": true, 
    "permissions": []
  }
},
{
  "pk": 111, 
  "model": "services.service", 
  "fields": {
    "category": 10, 
    "workload": 1, 
    "need_qualification": false, 
    "qualifiedTrainees": [], 
    "active": true, 
    "permissions": []
  }
},
{
  "pk": 112, 
  "model": "services.service", 
  "fields": {
    "category": 11, 
    "workload": 1, 
    "need_qualification": false, 
    "qualifiedTrainees": [], 
    "active": true, 
    "permissions": []
  }
},
{
  "pk": 113, 
  "model": "services.service", 
  "fields": {
    "category": 13, 
    "workload": 1, 
    "need_qualification": false, 
    "qualifiedTrainees": [], 
    "active": true, 
    "permissions": []
  }
},
{
  "pk": 114, 
  "model": "services.service", 
  "fields": {
    "category": 14, 
    "workload": 1, 
    "need_qualification": false, 
    "qualifiedTrainees": [], 
    "active": true, 
    "permissions": []
  }
},
{
  "pk": 115, 
  "model": "services.service", 
  "fields": {
    "category": 10, 
    "workload": 1, 
    "need_qualification": false, 
    "qualifiedTrainees": [], 
    "active": true, 
    "permissions": []
  }
},
{
  "pk": 116, 
  "model": "services.service", 
  "fields": {
    "category": 4, 
    "workload": 1, 
    "need_qualification": false, 
    "qualifiedTrainees": [], 
    "active": true, 
    "permissions": []
  }
},
{
  "pk": 117, 
  "model": "services.service", 
  "fields": {
    "category": 4, 
    "workload": 3, 
    "need_qualification": false, 
    "qualifiedTrainees": [], 
    "active": true, 
    "permissions": []
  }
},
{
  "pk": 118, 
  "model": "services.service", 
  "fields": {
    "category": 4, 
    "workload": 3, 
    "need_qualification": false, 
    "qualifiedTrainees": [], 
    "active": true, 
    "permissions": []
  }
},
{
  "pk": 119, 
  "model": "services.service", 
  "fields": {
    "category": 4, 
    "workload": 3, 
    "need_qualification": false, 
    "qualifiedTrainees": [], 
    "active": true, 
    "permissions": []
  }
},
{
  "pk": 120, 
  "model": "services.service", 
  "fields": {
    "category": 4, 
    "workload": 2, 
    "need_qualification": false, 
    "qualifiedTrainees": [], 
    "active": true, 
    "permissions": []
  }
},
{
  "pk": 121, 
  "model": "services.service", 
  "fields": {
    "category": 4, 
    "workload": 2, 
    "need_qualification": false, 
    "qualifiedTrainees": [], 
    "active": true, 
    "permissions": []
  }
},
{
  "pk": 122, 
  "model": "services.service", 
  "fields": {
    "category": 4, 
    "workload": 1, 
    "need_qualification": false, 
    "qualifiedTrainees": [], 
    "active": true, 
    "permissions": []
  }
},
{
  "pk": 123, 
  "model": "services.service", 
  "fields": {
    "category": 4, 
    "workload": 3, 
    "need_qualification": false, 
    "qualifiedTrainees": [], 
    "active": true, 
    "permissions": []
  }
},
{
  "pk": 124, 
  "model": "services.service", 
  "fields": {
    "category": 4, 
    "workload": 0, 
    "need_qualification": false, 
    "qualifiedTrainees": [], 
    "active": true, 
    "permissions": []
  }
},
{
  "pk": 125, 
  "model": "services.service", 
  "fields": {
    "category": 4, 
    "workload": 1, 
    "need_qualification": false, 
    "qualifiedTrainees": [], 
    "active": true, 
    "permissions": []
  }
},
{
  "pk": 126, 
  "model": "services.service", 
  "fields": {
    "category": 4, 
    "workload": 2, 
    "need_qualification": false, 
    "qualifiedTrainees": [], 
    "active": true, 
    "permissions": []
  }
},
{
  "pk": 127, 
  "model": "services.service", 
  "fields": {
    "category": 4, 
    "workload": 1, 
    "need_qualification": false, 
    "qualifiedTrainees": [], 
    "active": true, 
    "permissions": []
  }
},
{
  "pk": 128, 
  "model": "services.service", 
  "fields": {
    "category": 4, 
    "workload": 1, 
    "need_qualification": false, 
    "qualifiedTrainees": [], 
    "active": true, 
    "permissions": []
  }
},
{
  "pk": 129, 
  "model": "services.service", 
  "fields": {
    "category": 4, 
    "workload": 3, 
    "need_qualification": false, 
    "qualifiedTrainees": [], 
    "active": true, 
    "permissions": []
  }
},
{
  "pk": 130, 
  "model": "services.service", 
  "fields": {
    "category": 6, 
    "workload": 1, 
    "need_qualification": false, 
    "qualifiedTrainees": [], 
    "active": true, 
    "permissions": []
  }
},
{
  "pk": 131, 
  "model": "services.service", 
  "fields": {
    "category": 1, 
    "workload": 1, 
    "need_qualification": false, 
    "qualifiedTrainees": [], 
    "active": true, 
    "permissions": []
  }
},
{
  "pk": 132, 
  "model": "services.service", 
  "fields": {
    "category": 2, 
    "workload": 0, 
    "need_qualification": false, 
    "qualifiedTrainees": [], 
    "active": true, 
    "permissions": []
  }
},
{
  "pk": 133, 
  "model": "services.service", 
  "fields": {
    "category": 5, 
    "workload": 1, 
    "need_qualification": false, 
    "qualifiedTrainees": [], 
    "active": true, 
    "permissions": []
  }
},
{
  "pk": 134, 
  "model": "services.service", 
  "fields": {
    "category": 5, 
    "workload": 1, 
    "need_qualification": false, 
    "qualifiedTrainees": [], 
    "active": true, 
    "permissions": []
  }
},
{
  "pk": 135, 
  "model": "services.service", 
  "fields": {
    "category": 5, 
    "workload": 1, 
    "need_qualification": false, 
    "qualifiedTrainees": [], 
    "active": true, 
    "permissions": []
  }
},
{
  "pk": 136, 
  "model": "services.service", 
  "fields": {
    "category": 7, 
    "workload": 1, 
    "need_qualification": false, 
    "qualifiedTrainees": [], 
    "active": true, 
    "permissions": []
  }
},
{
  "pk": 137, 
  "model": "services.service", 
  "fields": {
    "category": 8, 
    "workload": 1, 
    "need_qualification": false, 
    "qualifiedTrainees": [], 
    "active": true, 
    "permissions": []
  }
},
{
  "pk": 138, 
  "model": "services.service", 
  "fields": {
    "category": 9, 
    "workload": 1, 
    "need_qualification": false, 
    "qualifiedTrainees": [], 
    "active": true, 
    "permissions": []
  }
},
{
  "pk": 139, 
  "model": "services.service", 
  "fields": {
    "category": 10, 
    "workload": 1, 
    "need_qualification": false, 
    "qualifiedTrainees": [], 
    "active": true, 
    "permissions": []
  }
},
{
  "pk": 140, 
  "model": "services.service", 
  "fields": {
    "category": 11, 
    "workload": 1, 
    "need_qualification": false, 
    "qualifiedTrainees": [], 
    "active": true, 
    "permissions": []
  }
},
{
  "pk": 141, 
  "model": "services.service", 
  "fields": {
    "category": 13, 
    "workload": 1, 
    "need_qualification": false, 
    "qualifiedTrainees": [], 
    "active": true, 
    "permissions": []
  }
},
{
  "pk": 142, 
  "model": "services.service", 
  "fields": {
    "category": 14, 
    "workload": 1, 
    "need_qualification": false, 
    "qualifiedTrainees": [], 
    "active": true, 
    "permissions": []
  }
},
{
  "pk": 143, 
  "model": "services.service", 
  "fields": {
    "category": 10, 
    "workload": 1, 
    "need_qualification": false, 
    "qualifiedTrainees": [], 
    "active": true, 
    "permissions": []
  }
},
{
  "pk": 144, 
  "model": "services.service", 
  "fields": {
    "category": 4, 
    "workload": 2, 
    "need_qualification": false, 
    "qualifiedTrainees": [], 
    "active": true, 
    "permissions": []
  }
},
{
  "pk": 145, 
  "model": "services.service", 
  "fields": {
    "category": 6, 
    "workload": 1, 
    "need_qualification": false, 
    "qualifiedTrainees": [], 
    "active": true, 
    "permissions": []
  }
},
{
  "pk": 146, 
  "model": "services.service", 
  "fields": {
    "category": 1, 
    "workload": 1, 
    "need_qualification": false, 
    "qualifiedTrainees": [], 
    "active": true, 
    "permissions": []
  }
},
{
  "pk": 147, 
  "model": "services.service", 
  "fields": {
    "category": 2, 
    "workload": 0, 
    "need_qualification": false, 
    "qualifiedTrainees": [], 
    "active": true, 
    "permissions": []
  }
},
{
  "pk": 148, 
  "model": "services.service", 
  "fields": {
    "category": 3, 
    "workload": 1, 
    "need_qualification": false, 
    "qualifiedTrainees": [], 
    "active": true, 
    "permissions": []
  }
},
{
  "pk": 149, 
  "model": "services.service", 
  "fields": {
    "category": 5, 
    "workload": 1, 
    "need_qualification": false, 
    "qualifiedTrainees": [], 
    "active": true, 
    "permissions": []
  }
},
{
  "pk": 150, 
  "model": "services.service", 
  "fields": {
    "category": 5, 
    "workload": 1, 
    "need_qualification": false, 
    "qualifiedTrainees": [], 
    "active": true, 
    "permissions": []
  }
},
{
  "pk": 151, 
  "model": "services.service", 
  "fields": {
    "category": 5, 
    "workload": 1, 
    "need_qualification": false, 
    "qualifiedTrainees": [], 
    "active": true, 
    "permissions": []
  }
},
{
  "pk": 152, 
  "model": "services.service", 
  "fields": {
    "category": 6, 
    "workload": 1, 
    "need_qualification": false, 
    "qualifiedTrainees": [], 
    "active": true, 
    "permissions": []
  }
},
{
  "pk": 153, 
  "model": "services.service", 
  "fields": {
    "category": 7, 
    "workload": 1, 
    "need_qualification": false, 
    "qualifiedTrainees": [], 
    "active": true, 
    "permissions": []
  }
},
{
  "pk": 154, 
  "model": "services.service", 
  "fields": {
    "category": 8, 
    "workload": 1, 
    "need_qualification": false, 
    "qualifiedTrainees": [], 
    "active": true, 
    "permissions": []
  }
},
{
  "pk": 155, 
  "model": "services.service", 
  "fields": {
    "category": 9, 
    "workload": 1, 
    "need_qualification": false, 
    "qualifiedTrainees": [], 
    "active": true, 
    "permissions": []
  }
},
{
  "pk": 156, 
  "model": "services.service", 
  "fields": {
    "category": 10, 
    "workload": 1, 
    "need_qualification": false, 
    "qualifiedTrainees": [], 
    "active": true, 
    "permissions": []
  }
},
{
  "pk": 157, 
  "model": "services.service", 
  "fields": {
    "category": 11, 
    "workload": 1, 
    "need_qualification": false, 
    "qualifiedTrainees": [], 
    "active": true, 
    "permissions": []
  }
},
{
  "pk": 158, 
  "model": "services.service", 
  "fields": {
    "category": 13, 
    "workload": 1, 
    "need_qualification": false, 
    "qualifiedTrainees": [], 
    "active": true, 
    "permissions": []
  }
},
{
  "pk": 159, 
  "model": "services.service", 
  "fields": {
    "category": 14, 
    "workload": 1, 
    "need_qualification": false, 
    "qualifiedTrainees": [], 
    "active": true, 
    "permissions": []
  }
},
{
  "pk": 160, 
  "model": "services.service", 
  "fields": {
    "category": 10, 
    "workload": 1, 
    "need_qualification": false, 
    "qualifiedTrainees": [], 
    "active": true, 
    "permissions": []
  }
},
{
  "pk": 161, 
  "model": "services.service", 
  "fields": {
    "category": 4, 
    "workload": 3, 
    "need_qualification": false, 
    "qualifiedTrainees": [], 
    "active": true, 
    "permissions": []
  }
},
{
  "pk": 162, 
  "model": "services.service", 
  "fields": {
    "category": 4, 
    "workload": 3, 
    "need_qualification": false, 
    "qualifiedTrainees": [], 
    "active": true, 
    "permissions": []
  }
},
{
  "pk": 163, 
  "model": "services.service", 
  "fields": {
    "category": 4, 
    "workload": 3, 
    "need_qualification": false, 
    "qualifiedTrainees": [], 
    "active": true, 
    "permissions": []
  }
},
{
  "pk": 164, 
  "model": "services.service", 
  "fields": {
    "category": 4, 
    "workload": 1, 
    "need_qualification": false, 
    "qualifiedTrainees": [], 
    "active": true, 
    "permissions": []
  }
},
{
  "pk": 165, 
  "model": "services.service", 
  "fields": {
    "category": 4, 
    "workload": 1, 
    "need_qualification": false, 
    "qualifiedTrainees": [], 
    "active": true, 
    "permissions": []
  }
},
{
  "pk": 166, 
  "model": "services.service", 
  "fields": {
    "category": 4, 
    "workload": 3, 
    "need_qualification": false, 
    "qualifiedTrainees": [], 
    "active": true, 
    "permissions": []
  }
},
{
  "pk": 167, 
  "model": "services.service", 
  "fields": {
    "category": 6, 
    "workload": 1, 
    "need_qualification": false, 
    "qualifiedTrainees": [], 
    "active": true, 
    "permissions": []
  }
},
{
  "pk": 168, 
  "model": "services.service", 
  "fields": {
    "category": 1, 
    "workload": 1, 
    "need_qualification": false, 
    "qualifiedTrainees": [], 
    "active": true, 
    "permissions": []
  }
},
{
  "pk": 169, 
  "model": "services.service", 
  "fields": {
    "category": 2, 
    "workload": 0, 
    "need_qualification": false, 
    "qualifiedTrainees": [], 
    "active": true, 
    "permissions": []
  }
},
{
  "pk": 170, 
  "model": "services.service", 
  "fields": {
    "category": 3, 
    "workload": 1, 
    "need_qualification": false, 
    "qualifiedTrainees": [], 
    "active": true, 
    "permissions": []
  }
},
{
  "pk": 171, 
  "model": "services.service", 
  "fields": {
    "category": 5, 
    "workload": 1, 
    "need_qualification": false, 
    "qualifiedTrainees": [], 
    "active": true, 
    "permissions": []
  }
},
{
  "pk": 172, 
  "model": "services.service", 
  "fields": {
    "category": 5, 
    "workload": 1, 
    "need_qualification": false, 
    "qualifiedTrainees": [], 
    "active": true, 
    "permissions": []
  }
},
{
  "pk": 173, 
  "model": "services.service", 
  "fields": {
    "category": 5, 
    "workload": 1, 
    "need_qualification": false, 
    "qualifiedTrainees": [], 
    "active": true, 
    "permissions": []
  }
},
{
  "pk": 174, 
  "model": "services.service", 
  "fields": {
    "category": 7, 
    "workload": 1, 
    "need_qualification": false, 
    "qualifiedTrainees": [], 
    "active": true, 
    "permissions": []
  }
},
{
  "pk": 175, 
  "model": "services.service", 
  "fields": {
    "category": 8, 
    "workload": 1, 
    "need_qualification": false, 
    "qualifiedTrainees": [], 
    "active": true, 
    "permissions": []
  }
},
{
  "pk": 176, 
  "model": "services.service", 
  "fields": {
    "category": 9, 
    "workload": 1, 
    "need_qualification": false, 
    "qualifiedTrainees": [], 
    "active": true, 
    "permissions": []
  }
},
{
  "pk": 177, 
  "model": "services.service", 
  "fields": {
    "category": 11, 
    "workload": 1, 
    "need_qualification": false, 
    "qualifiedTrainees": [], 
    "active": true, 
    "permissions": []
  }
},
{
  "pk": 178, 
  "model": "services.service", 
  "fields": {
    "category": 13, 
    "workload": 1, 
    "need_qualification": false, 
    "qualifiedTrainees": [], 
    "active": true, 
    "permissions": []
  }
},
{
  "pk": 179, 
  "model": "services.service", 
  "fields": {
    "category": 14, 
    "workload": 1, 
    "need_qualification": false, 
    "qualifiedTrainees": [], 
    "active": true, 
    "permissions": []
  }
},
{
  "pk": 180, 
  "model": "services.service", 
  "fields": {
    "category": 10, 
    "workload": 1, 
    "need_qualification": false, 
    "qualifiedTrainees": [], 
    "active": true, 
    "permissions": []
  }
},
{
  "pk": 181, 
  "model": "services.service", 
  "fields": {
    "category": 4, 
    "workload": 3, 
    "need_qualification": false, 
    "qualifiedTrainees": [], 
    "active": true, 
    "permissions": []
  }
},
{
  "pk": 182, 
  "model": "services.service", 
  "fields": {
    "category": 4, 
    "workload": 1, 
    "need_qualification": false, 
    "qualifiedTrainees": [], 
    "active": true, 
    "permissions": []
  }
},
{
  "pk": 3, 
  "model": "services.period", 
  "fields": {
    "startDate": "2013-06-24", 
    "endDate": "2014-01-01", 
    "name": "FTTA", 
    "service": [
      26, 
      16, 
      17, 
      18, 
      19, 
      20, 
      22, 
      24, 
      25, 
      27, 
      28, 
      29, 
      30, 
      31, 
      33, 
      34, 
      36, 
      37, 
      38, 
      42, 
      43, 
      45, 
      46, 
      48, 
      49, 
      50, 
      51, 
      52, 
      53, 
      54, 
      56, 
      57, 
      59, 
      60, 
      61, 
      64, 
      68, 
      69, 
      70, 
      71, 
      72, 
      73, 
      74, 
      75, 
      76, 
      77, 
      78, 
      79, 
      80, 
      82, 
      83, 
      84, 
      87, 
      88, 
      89, 
      90, 
      91, 
      92, 
      93, 
      94, 
      95, 
      96, 
      97, 
      98, 
      100, 
      102, 
      103, 
      105, 
      106, 
      107, 
      108, 
      109, 
      111, 
      113, 
      114, 
      116, 
      117, 
      118, 
      119, 
      120, 
      121, 
      122, 
      165, 
      123, 
      124, 
      125, 
      127, 
      128, 
      129, 
      131, 
      132, 
      133, 
      134, 
      135, 
      139, 
      140, 
      141, 
      142, 
      144, 
      146, 
      147, 
      149, 
      150, 
      151, 
      152, 
      156, 
      157, 
      158, 
      159, 
      161, 
      162, 
      163, 
      164, 
      166, 
      168, 
      169, 
      170, 
      171, 
      172, 
      173, 
      176, 
      177, 
      178, 
      179, 
      181, 
      182
    ], 
    "description": "Regular?FTTA?Week"
  }
},
{
  "pk": 6, 
  "model": "services.period", 
  "fields": {
    "startDate": "2013-02-18", 
    "endDate": "2013-02-24", 
    "name": "Pre-Training", 
    "service": [
      26, 
      16, 
      17, 
      18, 
      19, 
      20, 
      21, 
      22, 
      24, 
      25, 
      27, 
      29, 
      30, 
      31, 
      33, 
      34, 
      36, 
      37, 
      38, 
      39, 
      40, 
      42, 
      43, 
      45, 
      46, 
      48, 
      49, 
      51, 
      52, 
      53, 
      54, 
      56, 
      57, 
      59, 
      60, 
      61, 
      64, 
      69, 
      70, 
      71, 
      72, 
      73, 
      74, 
      75, 
      76, 
      77, 
      78, 
      80, 
      82, 
      83, 
      84, 
      87, 
      88, 
      89, 
      90, 
      91, 
      92, 
      93, 
      94, 
      95, 
      96, 
      97, 
      98, 
      100, 
      102, 
      103, 
      105, 
      106, 
      107, 
      108, 
      109, 
      111, 
      113, 
      114, 
      116, 
      117, 
      118, 
      119, 
      120, 
      121, 
      122, 
      165, 
      123, 
      124, 
      125, 
      126, 
      127, 
      128, 
      129, 
      131, 
      132, 
      133, 
      134, 
      135, 
      136, 
      137, 
      139, 
      141, 
      142, 
      144, 
      146, 
      147, 
      149, 
      150, 
      151, 
      153, 
      154, 
      156, 
      158, 
      159, 
      161, 
      162, 
      163, 
      166, 
      168, 
      169, 
      171, 
      172, 
      173, 
      174, 
      175, 
      176, 
      178, 
      179, 
      181, 
      182
    ], 
    "description": "Pre-Training?Week"
  }
},
{
  "pk": 7, 
  "model": "services.period", 
  "fields": {
    "startDate": "1999-01-08", 
    "endDate": "1999-01-09", 
    "name": "Semi-Annual", 
    "service": [
      26, 
      32, 
      55, 
      16, 
      17, 
      18, 
      19, 
      20, 
      21, 
      22, 
      24, 
      25, 
      27, 
      29, 
      30, 
      31, 
      33, 
      34, 
      36, 
      37, 
      38, 
      39, 
      40, 
      41, 
      44, 
      45, 
      46, 
      48, 
      49, 
      51, 
      52, 
      53, 
      54, 
      56, 
      57, 
      62, 
      63, 
      69, 
      70, 
      71, 
      72, 
      73, 
      74, 
      75, 
      76, 
      77, 
      78, 
      82, 
      83, 
      84, 
      90, 
      91, 
      92, 
      93, 
      94, 
      95, 
      96, 
      97, 
      98, 
      100, 
      101, 
      102, 
      103, 
      105, 
      106, 
      107, 
      108, 
      109, 
      110, 
      112, 
      115, 
      116, 
      117, 
      118, 
      119, 
      120, 
      121, 
      122, 
      165, 
      123, 
      124, 
      125, 
      126, 
      127, 
      128, 
      129, 
      130, 
      131, 
      132, 
      133, 
      134, 
      135, 
      136, 
      137, 
      138, 
      140, 
      143, 
      144, 
      145, 
      146, 
      147, 
      149, 
      150, 
      151, 
      153, 
      154, 
      155, 
      157, 
      160, 
      161, 
      162, 
      163, 
      166, 
      167, 
      168, 
      169, 
      171, 
      172, 
      173, 
      174, 
      175, 
      177, 
      181, 
      182, 
      180
    ], 
    "description": "Semi-Annual?Week"
  }
},
{
  "pk": 8, 
  "model": "services.period", 
  "fields": {
    "startDate": "1999-02-08", 
    "endDate": "1999-03-08", 
    "name": "Memorial Day", 
    "service": [
      26, 
      16, 
      17, 
      18, 
      19, 
      20, 
      21, 
      22, 
      24, 
      25, 
      27, 
      29, 
      30, 
      31, 
      33, 
      34, 
      36, 
      37, 
      38, 
      42, 
      43, 
      45, 
      46, 
      48, 
      49, 
      51, 
      52, 
      53, 
      54, 
      56, 
      57, 
      58, 
      59, 
      60, 
      61, 
      62, 
      63, 
      64, 
      66, 
      67, 
      69, 
      70, 
      71, 
      72, 
      73, 
      74, 
      75, 
      76, 
      77, 
      78, 
      81, 
      82, 
      83, 
      84, 
      85, 
      86, 
      87, 
      90, 
      91, 
      92, 
      93, 
      94, 
      95, 
      96, 
      97, 
      98, 
      100, 
      102, 
      103, 
      104, 
      105, 
      106, 
      107, 
      108, 
      109, 
      113, 
      114, 
      116, 
      117, 
      118, 
      119, 
      120, 
      121, 
      122, 
      165, 
      123, 
      124, 
      125, 
      126, 
      127, 
      128, 
      129, 
      131, 
      132, 
      133, 
      134, 
      135, 
      139, 
      140, 
      141, 
      142, 
      144, 
      146, 
      147, 
      149, 
      150, 
      151, 
      152, 
      156, 
      157, 
      158, 
      159, 
      161, 
      162, 
      163, 
      166, 
      168, 
      169, 
      171, 
      172, 
      173, 
      176, 
      177, 
      178, 
      179, 
      181, 
      182
    ], 
    "description": "Memorial?Day?Conference?Week"
  }
},
{
  "pk": 12, 
  "model": "services.period", 
  "fields": {
    "startDate": "1999-02-03", 
    "endDate": "2001-03-13", 
    "name": "Service Week", 
    "service": [
      26, 
      16, 
      17, 
      18, 
      19, 
      20, 
      21, 
      22, 
      24, 
      25, 
      27, 
      29, 
      30, 
      31, 
      33, 
      34, 
      36, 
      37, 
      38, 
      45, 
      46, 
      48, 
      49, 
      51, 
      52, 
      53, 
      54, 
      59, 
      60, 
      61, 
      69, 
      70, 
      71, 
      72, 
      73, 
      74, 
      75, 
      76, 
      77, 
      78, 
      82, 
      83, 
      84, 
      85, 
      86, 
      87, 
      90, 
      91, 
      92, 
      93, 
      94, 
      95, 
      96, 
      97, 
      98, 
      100, 
      102, 
      103, 
      105, 
      106, 
      107, 
      116, 
      117, 
      118, 
      119, 
      120, 
      121, 
      122, 
      165, 
      123, 
      124, 
      125, 
      126, 
      127, 
      128, 
      129, 
      131, 
      132, 
      133, 
      134, 
      135, 
      140, 
      141, 
      142, 
      144, 
      146, 
      147, 
      149, 
      150, 
      151, 
      152, 
      156, 
      157, 
      158, 
      159, 
      161, 
      162, 
      163, 
      166, 
      168, 
      169, 
      170, 
      171, 
      172, 
      173, 
      176, 
      177, 
      178, 
      179, 
      181, 
      182
    ], 
    "description": "Service?Week"
  }
},
{
  "pk": 14, 
  "model": "services.period", 
  "fields": {
    "startDate": "1999-03-08", 
    "endDate": "1999-04-08", 
    "name": "Thanksgiving", 
    "service": [
      26, 
      16, 
      17, 
      18, 
      19, 
      20, 
      21, 
      22, 
      24, 
      25, 
      27, 
      29, 
      30, 
      31, 
      33, 
      34, 
      35, 
      36, 
      37, 
      38, 
      39, 
      40, 
      42, 
      43, 
      45, 
      46, 
      48, 
      49, 
      51, 
      52, 
      53, 
      54, 
      56, 
      57, 
      58, 
      59, 
      60, 
      61, 
      62, 
      63, 
      64, 
      69, 
      70, 
      71, 
      72, 
      73, 
      74, 
      75, 
      76, 
      77, 
      78, 
      79, 
      80, 
      82, 
      83, 
      84, 
      87, 
      88, 
      89, 
      90, 
      91, 
      92, 
      93, 
      94, 
      95, 
      96, 
      97, 
      98, 
      100, 
      102, 
      103, 
      104, 
      105, 
      106, 
      107, 
      113, 
      114, 
      116, 
      117, 
      118, 
      119, 
      120, 
      121, 
      122, 
      165, 
      123, 
      124, 
      125, 
      126, 
      127, 
      128, 
      129, 
      131, 
      132, 
      134, 
      135, 
      144, 
      146, 
      147, 
      149, 
      150, 
      151, 
      152, 
      156, 
      157, 
      158, 
      159, 
      161, 
      162, 
      163, 
      166, 
      168, 
      169, 
      171, 
      172, 
      173, 
      176, 
      178, 
      179, 
      181, 
      182
    ], 
    "description": "Thanksgiving?Day?Conference?Week"
  }
},
{
  "pk": 16, 
  "model": "services.period", 
  "fields": {
    "startDate": "1999-05-08", 
    "endDate": "1999-06-08", 
    "name": "Labor Day", 
    "service": [
      26, 
      16, 
      17, 
      18, 
      19, 
      20, 
      21, 
      22, 
      24, 
      25, 
      27, 
      29, 
      30, 
      31, 
      33, 
      34, 
      36, 
      37, 
      38, 
      45, 
      46, 
      48, 
      49, 
      51, 
      53, 
      54, 
      56, 
      57, 
      59, 
      60, 
      61, 
      64, 
      65, 
      69, 
      70, 
      71, 
      72, 
      73, 
      74, 
      75, 
      76, 
      77, 
      78, 
      80, 
      82, 
      83, 
      84, 
      88, 
      89, 
      90, 
      91, 
      92, 
      93, 
      94, 
      95, 
      96, 
      97, 
      98, 
      100, 
      102, 
      103, 
      105, 
      106, 
      107, 
      108, 
      109, 
      111, 
      112, 
      116, 
      117, 
      118, 
      120, 
      121, 
      122, 
      165, 
      123, 
      124, 
      125, 
      126, 
      127, 
      128, 
      129, 
      131, 
      132, 
      133, 
      134, 
      135, 
      139, 
      140, 
      141, 
      142, 
      144, 
      146, 
      147, 
      149, 
      150, 
      151, 
      152, 
      156, 
      157, 
      158, 
      159, 
      161, 
      162, 
      166, 
      168, 
      169, 
      170, 
      171, 
      172, 
      173, 
      176, 
      177, 
      181, 
      182
    ], 
    "description": "Labor Day Conference Week"
  }
}
]
